<Anims>
 <anim name="idle" root="spear" numframes="200" framerate="40">
  <frame idx="0" w="120" h="467" x="7.047237" y="-131.198212">
   <element name="swap_spear" layername="swap_spear" frame="4" z_index="0" m_a="0.999512" m_b="0.000000" m_c="0.000000" m_d="1.000180" m_tx="0.000000" m_ty="0.000000"/>
  </frame>
  <frame idx="25" w="120" h="467" x="7.047237" y="-131.198212">
   <element name="swap_spear" layername="swap_spear" frame="4" z_index="0" m_a="0.999512" m_b="0.000000" m_c="0.000000" m_d="1.000180" m_tx="0.000000" m_ty="0.000000"/>
  </frame>
  <frame idx="50" w="120" h="467" x="7.047237" y="-131.198212">
   <element name="swap_spear" layername="swap_spear" frame="4" z_index="0" m_a="0.999512" m_b="0.000000" m_c="0.000000" m_d="1.000180" m_tx="0.000000" m_ty="0.000000"/>
  </frame>
  <frame idx="75" w="120" h="467" x="7.047237" y="-131.198212">
   <element name="swap_spear" layername="swap_spear" frame="4" z_index="0" m_a="0.999512" m_b="0.000000" m_c="0.000000" m_d="1.000180" m_tx="0.000000" m_ty="0.000000"/>
  </frame>
  <frame idx="100" w="120" h="467" x="7.047237" y="-131.198212">
   <element name="swap_spear" layername="swap_spear" frame="4" z_index="0" m_a="0.999512" m_b="0.000000" m_c="0.000000" m_d="1.000180" m_tx="0.000000" m_ty="0.000000"/>
  </frame>
  <frame idx="125" w="120" h="467" x="7.047237" y="-131.198212">
   <element name="swap_spear" layername="swap_spear" frame="4" z_index="0" m_a="0.999512" m_b="0.000000" m_c="0.000000" m_d="1.000180" m_tx="0.000000" m_ty="0.000000"/>
  </frame>
  <frame idx="150" w="120" h="467" x="7.047237" y="-131.198212">
   <element name="swap_spear" layername="swap_spear" frame="4" z_index="0" m_a="0.999512" m_b="0.000000" m_c="0.000000" m_d="1.000180" m_tx="0.000000" m_ty="0.000000"/>
  </frame>
  <frame idx="175" w="120" h="467" x="7.047237" y="-131.198212">
   <element name="swap_spear" layername="swap_spear" frame="4" z_index="0" m_a="0.999512" m_b="0.000000" m_c="0.000000" m_d="1.000180" m_tx="0.000000" m_ty="0.000000"/>
  </frame>
 </anim>
</Anims>
