<Atlas>
	<Texture filename="chh_auction.tex"/>
	<Elements>
		<Element name="chh_auction_44.tex" u1="0.838514" u2="0.968243" v1="0.288462" v2="0.312078"/>
		<Element name="chh_auction_15.tex" u1="0.838514" u2="0.948649" v1="0.494939" v2="0.523954"/>
		<Element name="chh_auction_30.tex" u1="0.792568" u2="0.945608" v1="0.606613" v2="0.635965"/>
		<Element name="chh_auction_43.tex" u1="0.838514" u2="0.915541" v1="0.361673" v2="0.385628"/>
		<Element name="chh_auction_25.tex" u1="0.810811" u2="0.899324" v1="0.812416" v2="0.885290"/>
		<Element name="chh_auction_9.tex" u1="0.989189" u2="0.998649" v1="0.874157" v2="0.885290"/>
		<Element name="chh_auction_14.tex" u1="0.917568" u2="0.983784" v1="0.717611" v2="0.746626"/>
		<Element name="chh_auction_32.tex" u1="0.926689" u2="0.989865" v1="0.556343" v2="0.575911"/>
		<Element name="chh_auction_17.tex" u1="0.967230" u2="0.989527" v1="0.757422" v2="0.775978"/>
		<Element name="chh_auction_4.tex" u1="0.900338" u2="0.966892" v1="0.312753" v2="0.336370"/>
		<Element name="chh_auction_13.tex" u1="0.838514" u2="0.964865" v1="0.437922" v2="0.464575"/>
		<Element name="chh_auction_3.tex" u1="0.946284" u2="0.979730" v1="0.613360" v2="0.635965"/>
		<Element name="chh_auction_22.tex" u1="0.000000" u2="0.240541" v1="0.208839" v2="0.553981"/>
		<Element name="chh_auction_11.tex" u1="0.838514" u2="0.902703" v1="0.275304" v2="0.287787"/>
		<Element name="chh_auction_16.tex" u1="0.241216" u2="0.837838" v1="0.250000" v2="0.553981"/>
		<Element name="chh_auction_23.tex" u1="0.900000" u2="0.988514" v1="0.812416" v2="0.885290"/>
		<Element name="chh_auction_41.tex" u1="0.876689" u2="0.941892" v1="0.747638" v2="0.811741"/>
		<Element name="chh_auction_42.tex" u1="0.838514" u2="0.899662" v1="0.312753" v2="0.336370"/>
		<Element name="chh_auction_34.tex" u1="0.942568" u2="0.965878" v1="0.776653" v2="0.811741"/>
		<Element name="chh_auction_47.tex" u1="0.000000" u2="0.791892" v1="0.554656" v2="1.000000"/>
		<Element name="chh_auction_46.tex" u1="0.000000" u2="0.428378" v1="0.036100" v2="0.208165"/>
		<Element name="chh_auction_20.tex" u1="0.838514" u2="0.910135" v1="0.411269" v2="0.437247"/>
		<Element name="chh_auction_24.tex" u1="0.241216" u2="0.744595" v1="0.216262" v2="0.249325"/>
		<Element name="chh_auction_21.tex" u1="0.810811" u2="0.993581" v1="0.885965" v2="1.000000"/>
		<Element name="chh_auction_12.tex" u1="0.966554" u2="0.998986" v1="0.782726" v2="0.811741"/>
		<Element name="chh_auction_28.tex" u1="0.792568" u2="0.810135" v1="0.714912" v2="1.000000"/>
		<Element name="chh_auction_29.tex" u1="0.792568" u2="0.945608" v1="0.576586" v2="0.605938"/>
		<Element name="chh_auction_31.tex" u1="0.745270" u2="0.932770" v1="0.224359" v2="0.249325"/>
		<Element name="chh_auction_18.tex" u1="0.952365" u2="0.987162" v1="0.681849" v2="0.714238"/>
		<Element name="chh_auction_10.tex" u1="0.933784" u2="0.982770" v1="0.644062" v2="0.672740"/>
		<Element name="chh_auction_27.tex" u1="0.984459" u2="0.996622" v1="0.735493" v2="0.746626"/>
		<Element name="chh_auction_7.tex" u1="0.910811" u2="0.977365" v1="0.412955" v2="0.437247"/>
		<Element name="chh_auction_33.tex" u1="0.838514" u2="0.942230" v1="0.524629" v2="0.553981"/>
		<Element name="chh_auction_45.tex" u1="0.000000" u2="0.810811" v1="0.000000" v2="0.035425"/>
		<Element name="chh_auction_26.tex" u1="0.942568" u2="0.966554" v1="0.753374" v2="0.775978"/>
		<Element name="chh_auction_40.tex" u1="0.810811" u2="0.876014" v1="0.747301" v2="0.811741"/>
		<Element name="chh_auction_36.tex" u1="0.792568" u2="0.926014" v1="0.555331" v2="0.575911"/>
		<Element name="chh_auction_6.tex" u1="0.916216" u2="0.981757" v1="0.361673" v2="0.385628"/>
		<Element name="chh_auction_49.tex" u1="0.863176" u2="0.933108" v1="0.636640" v2="0.672740"/>
		<Element name="chh_auction_5.tex" u1="0.946284" u2="0.988851" v1="0.587719" v2="0.605938"/>
		<Element name="chh_auction_38.tex" u1="0.838514" u2="0.970608" v1="0.386302" v2="0.410594"/>
		<Element name="chh_auction_19.tex" u1="0.984459" u2="0.996284" v1="0.724359" v2="0.734818"/>
		<Element name="chh_auction_8.tex" u1="0.838514" u2="0.962162" v1="0.337045" v2="0.360999"/>
		<Element name="chh_auction_1.tex" u1="0.429054" u2="0.932095" v1="0.071188" v2="0.097503"/>
		<Element name="chh_auction_48.tex" u1="0.792568" u2="0.862500" v1="0.636640" v2="0.672740"/>
		<Element name="chh_auction_37.tex" u1="0.792568" u2="0.951689" v1="0.673414" v2="0.714238"/>
		<Element name="chh_auction_35.tex" u1="0.429054" u2="0.716216" v1="0.098178" v2="0.208165"/>
		<Element name="chh_auction_2.tex" u1="0.838514" u2="0.959459" v1="0.465250" v2="0.494265"/>
		<Element name="chh_auction_39.tex" u1="0.810811" u2="0.916892" v1="0.715250" v2="0.746626"/>
	</Elements>
</Atlas>